RICname,type,continent,COW_code,slug
Aden & Aden Dependencies,group,Asia,,
Aden & Algeria & Egypt/United Arab Republic & Iran (Persia) & Morocco & Asian Turkey,group,World,,
Aden & Arabia,group,Asia,,
Aden & Egypt/United Arab Republic & Asian Turkey,group,World,,
Aden & Perim I.,group,Asia,,
Aden & Straits Settlements,group,Asia,,
Aden & other,group,World,,
Adriatic Ports,group,Europe,,
Afghanistan & Iran (Persia),group,Asia,,
Africa Coast (West) (other),geographical_area,Africa,,
Africa Ports (other),group,Africa,,
Africa Ports (other) & Asia Ports (other),group,World,,
Alaska & United States of America,group,America,,
Albania & Fiume & Yugoslavia/Serbia,group,Europe,,
Albania & Montenegro & Yugoslavia/Serbia,group,Europe,,
Albania & Yugoslavia/Serbia,group,Europe,,
Algeria & Morocco,group,Africa,,
Algeria & Tunisia,group,Africa,,
American America,colonial_area,America,,
American America Is. & British America Is. & French America Is.,group,America,,
American Central America,geographical_area,America,,
American Samoa,country,Oceania,991,
Amur River Ports,group,Europe,,
Angola & Kabinda (Portuguese Congo),group,Africa,,
Angola & Portuguese West Africa,group,Africa,,
Anjouan,country,Africa,5813,
Annam & Cochin China & Kampuchea (Cambodia) & French China Leased Territory & Tonkin,group,Asia,,
Antarctic & Arctic,geographical_area,World,,
Antilles (East),geographical_area,America,,
Antilles (West),geographical_area,America,,
Antilles Ports (other),group,America,,
Arabia & Hejaz Sultanate & Iraq (Mesopotamia),group,Asia,,
Arabia & Persian Gulf Ports,group,Asia,,
Arabia & Persian Gulf Ports & Red Sea,group,Asia,,
Arabia (Asia),geographical_area,Asia,,
Arabia (sea) & Persian Gulf Ports,group,Asia,,
Argentina & Patagonia (Atlantic Coast),group,America,,
Argentina Ports,group,America,,
Armenia,country,Europe,371,
Armenia & Kurdistan,group,Europe,,
Ashmore and Cartier Is,country,Oceania,9008,
Asia (West),geographical_area,Asia,,
Asia Ports (other),group,Asia,,
Australia & British Oceania & Tasmania,group,Oceania,,
Australia & New Zealand & Tasmania,group,Oceania,,
Australia & Tasmania,group,Oceania,,
Austria-Hungary Ports & Trieste,group,Europe,,
Austria-Hungary Ports (Adriatic),group,Europe,,
Azores (Western Isles) & Africa Coast (West),group,World,,
Bahamas & British West Indies,group,America,,
Baltic Ports,group,Europe,,
Baltic Ports & Belgium & Germany,group,Europe,,
Banjermassin (Dutch Borneo) & Brunei & Labuan I. & Sabah (North Borneo) & Sarawak,group,Asia,,
Belgian Africa,colonial_area,Africa,,
Belize (British Honduras) & British West Indies,group,America,,
Belize (British Honduras) & British West Indies & Guyana (Br. Guiana),group,America,,
Benghazi & Libya (Tripolitania Cyrenaica Fezzan),group,Africa,,
Berbice & Demerara,group,America,,
Bermuda & British West Indies,group,America,,
Bhutan & Nepal,group,Asia,,
Billiton Is.,country,Asia,,
Black Sea & Levant,geographical_area,World,,
Black Sea European Ports & Mediterranean European Ports,group,Europe,,
Botswana (Bechuanaland) & Lesotho (Basutoland) & Swaziland,group,Africa,,
Brazil Ports,group,America,,
Bremen & German Ports & Hamburg & Lubeck,group,Europe,,
British Antilles (West),colonial_area,America,,
British Antilles (other),colonial_area,America,,
British Antilles (other) & Jamaica & Jamaica Dependencies & Trinidad and Tobago,group,America,,
British Cameroons & Nigeria,group,Africa,,
British Cameroons & Northern Nigeria,group,Africa,,
British Central Africa,colonial_area,Africa,,
British Central America,colonial_area,America,,
British China Leased Territory,colonial_area,Asia,,
British East Africa & Pemba Island & Zanzibar,group,Africa,,
British Equatorial East Africa,colonial_area,Africa,,
British Equatorial West Africa,colonial_area,Africa,,
British Europe (other),colonial_area,Europe,,
British Oceania & New Zealand,group,Oceania,,
British Ports,group,Europe,,
British Somaliland (Somaliland Republic) & Djibouti (Afar and Issas) (French Somaliland) & Socotra I.,group,Africa,,
British South America & British West Indies & Guyana (Br. Guiana),colonial_area,America,,
British South America & French South America,geographical_area,America,,
British South Atlantic,colonial_area,Atlantic,,
British West Africa (other),colonial_area,Africa,,
British West Indies,colonial_area,America,,
British West Indies & Guyana (Br. Guiana),colonial_area,America,,
British West Indies (other),colonial_area,America,,
Brunei & Labuan I. & Sabah (North Borneo) & Sarawak,group,Asia,,
Bruxelles,city/part_of,Europe,,
Canada & Central America & South America & United States of America,group,America,,
Canada (Atlantic Coast),city/part_of,America,,
Canada (Pacific Coast),city/part_of,America,,
Canary Is. & Spanish Morocco,group,Africa,,
Cayenne Is. & French Guyana,group,America,,
Central Africa,geographical_area,Africa,,
Central America & Guatemala,group,America,,
Central America & Mexico & Panama,group,America,,
Central America (Continental) (other),geographical_area,America,,
Central America (Insular) (other),geographical_area,America,,
Central America (other),geographical_area,America,,
Central Asia,geographical_area,Asia,,
Central Powers Occupied Territories,colonial_area,World,,
Channel Is. & South Africa,group,World,,
Chile & Patagonia (Pacific Coast),group,America,,
Chinese Ports (other),city/part_of,Asia,,
Chinese Treaty Ports,city/part_of,Asia,,
Chinese Treaty Ports & Hong Kong,group,Asia,,
Chios,city/part_of,Europe,,
Clarke Is.,city/part_of,Oceania,,
Cochin China & Tonkin,group,Asia,,
Cocos (Keeling) Is.,country,Oceania,9002,
Congo (Brazzaville) (French Congo) (Middle Congo) & French Africa (other) & Senegal,group,Africa,,
Congo (Brazzaville) (French Congo) (Middle Congo) & Senegal,group,Africa,,
Cook Is.,country,Oceania,925,
Corps Expeditionnaire d'Orient (Gallipoli and Dardanelles),colonial_area,Asia,,
Corsica,city/part_of,Europe,,
Costa Rica & Guatemala & Honduras & Nicaragua,group,America,,
Crimea Ports,city/part_of,Europe,,
Croatia & Yugoslavia/Serbia,group,Europe,,
Cyprus & Malta,group,Europe,,
Cyprus & Palestine,group,World,,
Danish Guyana,colonial_area,America,,
Danish India,colonial_area,Asia,,
Danish India & French India & India,group,Asia,,
Dardanelles-Istanbul & Turkish Ports,group,Asia,,
Demerara,city/part_of,America,,
Denmark & Denmark Dependencies,group,World,,
Denmark & Virgin Islands (Danish West Indies),group,World,,
Denmark Ports,city/part_of,Europe,,
Djibouti (Afar and Issas) (French Somaliland) & Italian Somaliland,group,Africa,,
Dodecanese Is. (Aegean Is.) & Italy,group,Europe,,
Dutch Asia (other) & Java,group,Asia,,
Dutch East Africa,colonial_area,Africa,,
Dutch Islands,colonial_area,World,,
Dutch South West Africa,colonial_area,Africa,,
East Africa Ports (other),city/part_of,Africa,,
East Asia (other),geographical_area,Asia,,
Egypt/United Arab Republic Ports (other),city/part_of,Africa,,
Ellice Is.,city/part_of,Oceania,,
Equatorial East Africa (other),geographical_area,Africa,,
Equatorial West Africa (other),geographical_area,Africa,,
Eritrea & Djibouti (Afar and Issas) (French Somaliland),group,Africa,,
European Ports,city/part_of,Europe,,
European Turkey & Crete,group,Europe,,
Falkland Is. & Falkland Is. Dependencies,group,World,,
Fanning I.,country,Oceania,9453,
Far Eastern Republic,country,Europe,735,
Federal Republic of Central America,country,America,,
Federated Malay States & Straits Settlements,group,Asia,,
Fiume & Italy,group,Europe,,
France & French Dependencies,group,World,,
France (Atlantic Coast),city/part_of,Europe,,
France (Foreign produce),country,Europe,,
France (Mediterranean Coast),city/part_of,Europe,,
Franz Josef Land,city/part_of,Europe,,
French Africa & French America & French Asia,group,World,,
French America & French India,group,World,,
French America Free Zone,colonial_area,America,,
French Antilles (West),colonial_area,America,,
French Asia & French India,group,Asia,,
French Asia & French India & Portuguese Asia,group,Asia,,
French Central America,colonial_area,America,,
French China Leased Territory,colonial_area,Asia,,
French Colonies & Dutch Colonies,group,World,,
French Colonies (Foreign produce),colonial_area,World,,
French East Africa,colonial_area,Africa,,
French Entrepôts,city/part_of,Europe,,
French Equatorial Africa & French West Africa,group,Africa,,
French Equatorial West Africa,colonial_area,Africa,,
French Guyana & French West Indies,group,America,,
French India & French West Indies,group,World,,
French Oceania (other),colonial_area,Oceania,,
French Oceania (other) & New Caledonia,group,Oceania,,
French Ports,city/part_of,Europe,,
French South Africa,colonial_area,Africa,,
French West Africa & Cameroun (French Cameroons) & Togo (French Togoland),group,Africa,,
French West Indies & St. Pierre and Miquelon,group,America,,
Georgia,country,Europe,,
German Antilles,colonial_area,America,,
German China Leased Territory,colonial_area,Asia,,
German Oceania & German China Leased Territory,group,World,,
German Ports,city/part_of,Europe,,
German Ports (other),city/part_of,Europe,,
Germany & Poland,group,Europe,,
Germany & Rhine,group,Europe,,
Gilbert Is.,city/part_of,Oceania,,
Gold Coast-Togoland (Neutral Zone),country,Africa,4559,
Greek Asia,colonial_area,Asia,,
Guyana (Br. Guiana) & Falkland Is.,group,America,,
Hengam Is.,city/part_of,Asia,,
Honduras & Panama,group,America,,
India & British Asia (other),group,Asia,,
India (Domestic produce),country,Asia,,
India (Foreign produce),country,Asia,,
Indian Ocean Islands (British),colonial_area,Oceania,,
Indonesia (Dutch East Indies) & Netherlands Antilles,group,World,,
Italian Africa (other),colonial_area,Africa,,
Jamaica & Jamaica Dependencies,group,World,,
Japan & Japan China Leased Territory & Republic of China (Taiwan) (Formosa),group,Asia,,
Japan & Japanese China Leased Territory & Republic of China (Taiwan) (Formosa),group,Asia,,
Japan & Korea (Chosen),group,Asia,,
Japan & Republic of China (Taiwan) (Formosa) & Kwangtung Territory (Leased),group,Asia,,
Japanese China Leased Territory,colonial_area,Asia,,
Japanese Mandated Territories (Pacific),colonial_area,Pacific,,
Jersey,city/part_of,Europe,,
Jordan (Transjordan) & Palestine,group,Asia,,
Karachi & Mumbai (Bombay) & other Ports,group,Asia,,
Kerguelen Is.,country,Antarctic,9973,
Kerguelen Is. & Malagasy Republic (Madagascar),group,World,,
Kingdom of Etruria,city/part_of,Europe,,
Kwangtung Territory (Leased)  & Manchukuo,group,Asia,,
Kwangtung Territory (Leased),country,Asia,7104,
Labrador,city/part_of,America,,
Labuan I. & Straits Settlements,group,Asia,,
Levant & Turkey,group,Asia,,
Liechtenstein,country,Europe,223,
Loyalty Is.,city/part_of,Oceania,,
Lucca & Milan & Tuscany,group,Europe,,
Macquarie I.,country,Oceania,9006,
Makatea Is.,city/part_of,Oceania,,
Malagasy Republic (Madagascar) & Malagasy Republic (Madagascar) Dependencies,group,World,,
Malagasy Republic (Madagascar) & Mayotte & Nossi Be,group,Africa,,
Malawi (Nyasaland) & Straits Settlements & Straits Settlements Dependencies,group,World,,
Manchukuo,country,Asia,711,
Maputo,city/part_of,Africa,,
Marshall Is.,country,Oceania,983,
Mauritius & Mauritius Dependencies,group,World,,
Mauritius & Mauritius Dependencies & Seychelles,group,World,,
Mauritius & Mozambique & Reunion,group,Africa,,
Mauritius Dependencies,city/part_of,Africa,,
Mediterranean Ports,city/part_of,Europe,,
Milan & Tuscany,group,Europe,,
Mombassa,country,Africa,5012,
Morocco & Tangier,group,Africa,,
Mumbai (Bombay) & other Ports,group,Asia,,
Muscat & Kuweit & Oman & United Arab Emirates (Trucial Oman),group,Asia,,
Muscat & United Arab Emirates (Trucial Oman),group,Asia,,
Naples & Sicily,group,Europe,,
Nauru & New Zealand & Western Samoa,group,Oceania,,
Nauru & Western Samoa,group,Oceania,,
Netherlands & Netherlands Dependencies,group,World,,
Netherlands Ports,city/part_of,Europe,,
New Guinea (German New Guinea) (Kaiser Wilhelmsland) & New Guinea (German New Guinea) (Kaiser Wilhelmsland) dependencies,group,World,,
Newfoundland & Labrador,group,America,,
Norfolk I.,country,Oceania,9004,
Northern Africa,geographical_area,Africa,,
Northern Africa (other),geographical_area,Africa,,
Northern America (other),geographical_area,America,,
Northern Ireland,city/part_of,Europe,,
Northern Territory & South Australia,group,Oceania,,
Odessa,country,Europe,3694,
Pacific Ports,city/part_of,Pacific,,
Palau,country,Oceania,986,
Panama & Panama Canal Zone,group,America,,
Panama (Atlantic Coast),city/part_of,America,,
Panama (Pacific Coast),city/part_of,America,,
Papal States & Republic of St. Mark,group,Europe,,
Papal States Mediterranean Ports,city/part_of,Europe,,
Paraguay & Uruguay,group,America,,
Penon de Velez,country,Africa,6065,
Phuket Province & Thailand (Siam),group,Asia,,
Pitcairn Is.,country,Oceania,9620,
Port Sudan,city/part_of,Africa,,
Portugal & Portuguese Dependencies,group,World,,
Portuguese China,colonial_area,Asia,,
Portuguese Equatorial West Africa,colonial_area,Africa,,
Portuguese South Africa,colonial_area,Africa,,
Prussian Ports,city/part_of,Europe,,
Puerto Rico & Virgin Islands (Danish West Indies),group,America,,
Ragusa,city/part_of,Europe,,
Red Sea Ports in Africa,city/part_of,Africa,,
Red Sea Ports in Arabia,city/part_of,Asia,,
Rhine,geographical_area,Europe,,
Rhode Is.,city/part_of,America,,
Ross Sea,geographical_area,Antarctic,,
Russia (Baltic Sea) & Russia (White Sea),group,Europe,,
Russia (European Ports),city/part_of,Europe,,
Russia (North Ports),city/part_of,Europe,,
Russia (North and Pacific Ports),city/part_of,Europe,,
Russia (North and South Ports),city/part_of,Europe,,
Russia (Pacific Ports),city/part_of,Europe,,
Russia (Pacific Ports) & Russia and Siberia (land),group,Europe,,
Russia (South Ports),city/part_of,Europe,,
Russia and Siberia (Kiakhta),city/part_of,Europe,,
Russia and Siberia (land),city/part_of,Europe,,
Russia/USSR (North),city/part_of,Europe,,
Russian Turkestan,city/part_of,Europe,,
Rwanda-Urundi & Zaire (Kinshasa) (Belgian Congo),group,Africa,,
Río de Oro,city/part_of,Africa,,
Sahara,geographical_area,Africa,,
Sandwich Harbour,city/part_of,Africa,,
Saudi Arabia (Kingdom of Hejaz and Nedj),country,Asia,670,
Saudi Arabia (Kingdom of Hejaz and Nedj) & Saudi Arabia (Kingdom of Hejaz and Nedj) Dependencies & Yemen,group,World,,
Saudi Arabia (Kingdom of Hejaz and Nedj) & Yemen,group,Asia,,
South Africa & South West Africa,group,Africa,,
South Africa (Domestic produce),country,Africa,,
South Africa (Foreign produce),country,Africa,,
South Africa (other),city/part_of,Africa,,
Southern Africa (other),geographical_area,Africa,,
Southern Africa Ports,city/part_of,Africa,,
Southern Russia/USSR,city/part_of,Europe,,
Spain & Spanish Dependencies,group,World,,
Spain (Atlantic Coast),city/part_of,Europe,,
Spain (Foreign flag),city/part_of,Europe,,
Spain (Mediterranean Coast),city/part_of,Europe,,
Spain Ports,city/part_of,Europe,,
Spanish Africa (other),colonial_area,Africa,,
Spanish Antilles (West),colonial_area,America,,
Spanish East Indies,colonial_area,Asia,,
Spanish Equatorial West Africa,colonial_area,Africa,,
Spanish Morocco,country,Africa,602,
Spanish North Africa Ports,city/part_of,Africa,,
Spanish Oceania,colonial_area,Oceania,,
Sri Lanka (Ceylon) & Sri Lanka (Ceylon) Dependencies,group,Asia,,
St. Barthelemy & Virgin Islands (Danish West Indies) & French West Indies & Netherlands Antilles & Spanish Antilles,group,America,,
St. Lucia & Tobago,group,America,,
Straits Settlements & Straits Settlements Dependencies,group,World,,
Surprise Is.,city/part_of,Oceania,,
Sweden & Swedish Dependencies,group,World,,
Tangier,country,Africa,601,
Thrace,geographical_area,Europe,,
Tokelau Is.,country,Oceania,9201,
Trinidad,city/part_of,America,,
Turkish Ports,city/part_of,Asia,,
Turkish Ports & Hejaz Sultanate,group,Asia,,
Ukraine,country,Europe,369,
Unfederated Malay States,country,Asia,,
United Kingdom & British Dependencies,group,World,,
United Kingdom & India,group,World,,
United States of America (Atlantic Coast),city/part_of,America,,
United States of America (Domestic produce),country,America,,
United States of America (Foreign produce),country,America,,
United States of America (Pacific Coast),city/part_of,America,,
Viceroyalty of La Plata Ports,city/part_of,America,,
Virgin Islands (Danish West Indies),country,America,5,
West Asia (other),geographical_area,Asia,,
West Irian (Dutch New Guinea) & Dutch Oceania (other),group,Oceania,,
Yemen,country,Asia,679,
Zambia (Northern Rhodesia) & Zimbabwe (Rhodesia) (Southern Rhodesia),group,Africa,,
